source,author,title,description,url,urlToImage,publishedAt,content,text,sentiment_label,sentiment_score,confidence
"{'id': None, 'name': 'Windows Central'}","c.cale.hunt@gmail.com (Cale Hunt) , Cale Hunt","""The virtuous cycle of AI has arrived"" — NVIDIA's CEO believes AI can address $100 trillion of the world's industries as the market accelerates","NVIDIA CEO Jensen Huang delivered a keynote speech at the APEC CEO summit in South Korea on Friday, in which he explained that the AI boom will likely only accelerate now that the industry has reached a tipping point that he calls a ""virtuous cycle.""",https://www.windowscentral.com/hardware/nvidia/nvidia-ceo-ai-boom-100-trillion-world-industries,https://cdn.mos.cms.futurecdn.net/pFU7uw8ENuZc8p8AdDhWzj-1920-80.jpg,2025-11-01T12:45:00Z,"South Korea is currently hosting its APEC CEO Summit, and NVIDIA's CEO took to the stage on Friday to speak about the future of AI.
The keynote speech came just a couple of days after NVIDIA became … [+5410 chars]","""The virtuous cycle of AI has arrived"" — NVIDIA's CEO believes AI can address $100 trillion of the world's industries as the market accelerates NVIDIA CEO Jensen Huang delivered a keynote speech at the APEC CEO summit in South Korea on Friday, in which he explained that the AI boom will likely only accelerate now that the industry has reached a tipping point that he calls a ""virtuous cycle.""",positive,1,0.7509922385215759
"{'id': 'business-insider', 'name': 'Business Insider'}",Alistair Barr,The least stressful tech companies to work for,"Indeed's Work Wellbeing Report has some surprising results, in terms of which tech companies are top of this low-stress list.",https://www.businessinsider.com/least-stressful-tech-companies-to-work-for-nvidia-microsoft-intuit-2025-10,https://i.insider.com/6904e9d80be9845f2dc57e5c?width=1200&format=jpeg,2025-10-31T18:43:27Z,"Nvidia CEO Jensen Huang signs autographs in TaiwanAnn Wang/REUTERS
<ul><li>A version of this story originally appeared in the BI Tech Memo newsletter.</li><li>Sign up for the weekly BI Tech Memo new… [+1705 chars]","The least stressful tech companies to work for Indeed's Work Wellbeing Report has some surprising results, in terms of which tech companies are top of this low-stress list.",positive,1,0.7933417558670044
"{'id': None, 'name': 'Barchart.com'}",Aditya Raghunath,It's 'Going to Be Like a Shockwave' When Tesla's AI Innovations Hit. Should You Buy TSLA Stock First?,Tesla stock has surged to a fresh all-time high following its Q3 results as investors remain bullish on the company's growth prospects.,https://www.barchart.com/story/news/35789416/it-s-going-to-be-like-a-shockwave-when-tesla-s-ai-innovations-hit-should-you-buy-tsla-stock-first,https://s.yimg.com/ny/api/res/1.2/K5tXSV3GOBl2tIpkAz9DzQ--/YXBwaWQ9aGlnaGxhbmRlcjt3PTEyMDA7aD04MDA-/https://media.zenfs.com/en/barchart_com_477/c9768b724915bd5726850b8bf3f4cf93,2025-10-30T11:30:02Z,"Tesla (TSLA) delivered record third-quarter results that CEO Elon Musk believes represent just the beginning of a transportation revolution powered by artificial intelligence (AI).
The electric vehi… [+4887 chars]",It's 'Going to Be Like a Shockwave' When Tesla's AI Innovations Hit. Should You Buy TSLA Stock First? Tesla stock has surged to a fresh all-time high following its Q3 results as investors remain bullish on the company's growth prospects.,positive,1,0.9212210178375244
"{'id': None, 'name': 'Gizmodo.com'}",Ece Yildirim,Nvidia CEO Jensen Huang Makes His Case for China Trade,"Huang now joins Trump in his Asia tour, ahead of the President's meeting with Xi Jinping.",https://gizmodo.com/nvidia-ceo-jensen-huang-makes-his-case-for-china-trade-2000678877,https://gizmodo.com/app/uploads/2025/10/shutterstock_2681902813-e1761777398744-1200x675.jpg,2025-10-29T23:00:47Z,Nvidia’s first ever GTC to be hosted in Washington D.C.a conference that’s been deemed the “Super Bowl of AI”was a rare occasion that brought together both government officials and the tech industry … [+5116 chars],"Nvidia CEO Jensen Huang Makes His Case for China Trade Huang now joins Trump in his Asia tour, ahead of the President's meeting with Xi Jinping.",neutral,0,0.9145904183387756
"{'id': None, 'name': 'Kotaku'}",Kotaku Deals,"Nvidia Kicks Off Black Friday, Asus RTX 5070 Ti Now at Its Lowest Price Ever","This early Black Friday deal drops Nvidia's powerful RTX 5070 Ti to its lowest price ever.
The post Nvidia Kicks Off Black Friday, Asus RTX 5070 Ti Now at Its Lowest Price Ever appeared first on Kotaku.",https://kotaku.com/nvidia-kicks-off-black-friday-asus-rtx-5070-ti-now-at-its-lowest-price-ever-2000639954,https://kotaku.com/app/uploads/2025/10/rtx-5070-ti.jpg,2025-10-29T22:22:14Z,Gaming has evolved into a visual spectacle where every frame matters and your graphics card is the engine that powers those immersive experiences. The Asus TUF gaming GeForce RTX 5070 Ti brings profe… [+2593 chars],"Nvidia Kicks Off Black Friday, Asus RTX 5070 Ti Now at Its Lowest Price Ever This early Black Friday deal drops Nvidia's powerful RTX 5070 Ti to its lowest price ever.
The post Nvidia Kicks Off Black Friday, Asus RTX 5070 Ti Now at Its Lowest Price Ever appeared first on Kotaku.",negative,-1,0.9486129283905029
"{'id': 'the-verge', 'name': 'The Verge'}",Justine Calma,How one mountain town hopes AI can help it fight wildfires,"A popular ski resort town in Colorado is adopting a new AI Smart City Solution from Hewlett Packard Enterprise (HPE) to help it better detect wildfires, as well as update a range of other city services. Vail is expanding its firefighting toolbox as hotter, mo…",https://www.theverge.com/report/809348/ai-fire-detection-vail-hpe-smart-city-platform,https://platform.theverge.com/wp-content/uploads/sites/2/chorus/uploads/chorus_asset/file/25824779/STK438_CLIMATE_CHANGE_B.jpg?quality=90&strip=all&crop=0%2C10.732984293194%2C100%2C78.534031413613&w=1200,2025-10-29T20:48:30Z,"<ul><li></li><li></li><li></li></ul>
A new HPE smart city platform is meant to bolster wildfire response in Vail, Colorado.
A new HPE smart city platform is meant to bolster wildfire response in Va… [+5808 chars]","How one mountain town hopes AI can help it fight wildfires A popular ski resort town in Colorado is adopting a new AI Smart City Solution from Hewlett Packard Enterprise (HPE) to help it better detect wildfires, as well as update a range of other city services. Vail is expanding its firefighting toolbox as hotter, mo…",positive,1,0.7770101428031921
"{'id': 'business-insider', 'name': 'Business Insider'}",Alistair Barr,"Why Nvidia is worth $5 trillion: Inside a $35 billion, 1 gigawatt AI data center.",Wall Street analysts estimate that a 1 gigawatt AI data center costs $35 billion. Nvidia takes a huge chunk of that spending.,https://www.businessinsider.com/why-nvidia-worth-5-trillion-inside-35-billion-ai-datacenter-2025-10,https://i.insider.com/69024bbcc007ca8c2737da45?width=1200&format=jpeg,2025-10-29T18:01:37Z,"OpenAI's Stargate data center project in TexasFortune via Reuters Connect
<ul><li>AI data centers are measured in gigawatts of power these days.</li><li>Wall Street analysts have been getting their … [+4624 chars]","Why Nvidia is worth $5 trillion: Inside a $35 billion, 1 gigawatt AI data center. Wall Street analysts estimate that a 1 gigawatt AI data center costs $35 billion. Nvidia takes a huge chunk of that spending.",neutral,0,0.9344174265861511
"{'id': None, 'name': 'MacRumors'}",Juli Clover,Nvidia Becomes First $5 Trillion Company as AI Demand Surges,"Nvidia today became the first public company to reach a $5 trillion market capitalization, hitting the milestone 3.5 months after surpassing $4 trillion.





Over the past week, Nvidia's shares have climbed 14.5 percent due to demand for its GPUs and the pos…",https://www.macrumors.com/2025/10/29/nvidia-5-trillion-market-cap/,https://images.macrumors.com/t/hTWtXD99jUuYkTySQL6_TOl47us=/2500x/article-new/2024/06/Apple-vs-Nvidia.jpg,2025-10-29T17:15:52Z,"Nvidia today became the first public company to reach a $5 trillion market capitalization, hitting the milestone 3.5 months after surpassing $4 trillion.
Over the past week, Nvidia's shares have cli… [+1713 chars]","Nvidia Becomes First $5 Trillion Company as AI Demand Surges Nvidia today became the first public company to reach a $5 trillion market capitalization, hitting the milestone 3.5 months after surpassing $4 trillion.





Over the past week, Nvidia's shares have climbed 14.5 percent due to demand for its GPUs and the pos…",positive,1,0.9482436180114746
"{'id': None, 'name': 'Investopedia'}",Bill McColl,"Top Stock Movers Now: Nvidia, Caterpillar, Fiserv, Hormel, and More",Major U.S. equites indexes climbed to fresh records Wednesday afternoon ahead of a Federal Reserve decision on interest rates.,https://www.investopedia.com/top-stock-movers-now-nvidia-caterpillar-fiserv-hormel-and-more-11839314,https://s.yimg.com/ny/api/res/1.2/Sc0lvOMTzIDeUFdAuLGIig--/YXBwaWQ9aGlnaGxhbmRlcjt3PTEyMDA7aD04NDY-/https://media.zenfs.com/en/investopedia_245/3b73b69b7efd7fb07a0d699be8fc56af,2025-10-29T16:25:05Z,"Justin Sullivan / Getty Images
 Nvidia shares climbed to a fresh high Wednesday, pushing the chipmaker's market value over $5 trillion
<ul><li>Major U.S. equites indexes climbed to fresh records We… [+2108 chars]","Top Stock Movers Now: Nvidia, Caterpillar, Fiserv, Hormel, and More Major U.S. equites indexes climbed to fresh records Wednesday afternoon ahead of a Federal Reserve decision on interest rates.",positive,1,0.9048041105270386
"{'id': None, 'name': 'Dpa-international.com'}",DPA,US chip giant Nvidia becomes first $5 trillion company,US chipmaker Nvidia on Wednesday became the first company in the world worth $5 trillion in market capitalization. Shares in the Silicon Valley-based firm...,https://dpa-international.com/economics/urn:newsml:dpa.com:20090101:251029-99-476194/,https://media.zenfs.com/en/dpa_international_526/919e888cd8a9d25b26025d072a0eda5d,2025-10-29T15:06:18Z,"The logo of the chip company Nvidia pictured at the headquarters in Silicon Valley. Andrej Sokolow/dpa
US chipmaker Nvidia on Wednesday became the first company in the world worth $5 trillion in mar… [+1259 chars]",US chip giant Nvidia becomes first $5 trillion company US chipmaker Nvidia on Wednesday became the first company in the world worth $5 trillion in market capitalization. Shares in the Silicon Valley-based firm...,positive,1,0.7601752281188965
"{'id': None, 'name': 'Gizmodo.com'}",Ece Yildirim,Nvidia Becomes the First Company to Hit $5 Trillion Market Cap,The company hit a historic record just 4 months after the last one.,https://gizmodo.com/nvidia-becomes-the-first-company-to-hit-5-trillion-market-cap-2000678694,https://gizmodo.com/app/uploads/2025/01/Nvidia-CEO-Jensen-Huang-RTX-50-Series-GPU-1-1200x675.jpg,2025-10-29T14:46:21Z,"Nvidia just became the first company in the world to be worth $5 trillion, just four months after it made history by hitting a $4 trillion market capitalization.
The company owed that last bump to a… [+2780 chars]",Nvidia Becomes the First Company to Hit $5 Trillion Market Cap The company hit a historic record just 4 months after the last one.,positive,1,0.7568149566650391
"{'id': None, 'name': 'Slashdot.org'}",msmash,Nvidia Becomes World's First $5 Trillion Company,Nvidia became the world's first $5 trillion company on Wednesday after its stock climbed 5% in early Wall Street trading to push its market capitalization to $5.13 trillion. The Silicon Valley chipmaker reached the milestone three months after hitting $4 tril…,https://news.slashdot.org/story/25/10/29/1426231/nvidia-becomes-worlds-first-5-trillion-company,https://a.fsdn.com/sd/topics/ai_64.png,2025-10-29T14:26:00Z,Nvidia became the world's first $5 trillion company on Wednesday after its stock climbed 5% in early Wall Street trading to push its market capitalization to $5.13 trillion. The Silicon Valley chipma… [+755 chars],Nvidia Becomes World's First $5 Trillion Company Nvidia became the world's first $5 trillion company on Wednesday after its stock climbed 5% in early Wall Street trading to push its market capitalization to $5.13 trillion. The Silicon Valley chipmaker reached the milestone three months after hitting $4 tril…,positive,1,0.9189013242721558
"{'id': None, 'name': 'Gizmodo.com'}",Ece Yildirim,Nvidia Bets the Future on a Robot Workforce,"From surgical robots to humanoid robot fleets for household chores, here's what Nvidia announced about its robots at GTC.",https://gizmodo.com/nvidia-bets-the-future-on-a-robot-workforce-2000677996,https://gizmodo.com/app/uploads/2025/10/Manufacturing-Image-1200x675.jpg,2025-10-28T22:10:47Z,"Nvidia is betting on an AI-driven robot workforce to shape the future of the country.
“It is very likely that you might know robots, and my friend Elon is also working on this, [are] likely going to… [+5740 chars]","Nvidia Bets the Future on a Robot Workforce From surgical robots to humanoid robot fleets for household chores, here's what Nvidia announced about its robots at GTC.",neutral,0,0.9223610162734985
"{'id': None, 'name': 'Yahoo Entertainment'}",Reuters Videos,"Nvidia's $1B Nokia deal signals AI shift, market expert says","<body><p>STORY: Nvidia will acquire a 2.9% stake in Nokia for $1 billion, the Finnish telecom equipment maker said on Tuesday, as shares hit a near decade...",https://finance.yahoo.com/video/nvidias-1b-nokia-deal-signals-200142632.html,https://s.yimg.com/ny/api/res/1.2/pVWaCcnSrfHAIdlLvZguXw--/YXBwaWQ9aGlnaGxhbmRlcjt3PTEyMDA7aD02NzU-/https://cf-images.us-east-1.prod.boltdns.net/v1/jit/6415665815001/88d826c3-a8ce-46cf-9f18-c2ae587e7bd8/main/1280x720/39s950ms/match/image.jpg,2025-10-28T20:01:42Z,"Oops, something went wrong","Nvidia's $1B Nokia deal signals AI shift, market expert says <body><p>STORY: Nvidia will acquire a 2.9% stake in Nokia for $1 billion, the Finnish telecom equipment maker said on Tuesday, as shares hit a near decade...",positive,1,0.7461226582527161
"{'id': None, 'name': 'Gizmodo.com'}",Ece Yildirim,"Nvidia and Uber Say They’re Building a 100,000-Vehicle Robotaxi Network","The vehicles would be fully self-driving, without the need for human intervention.",https://gizmodo.com/nvidia-and-uber-say-theyre-building-a-100000-vehicle-robotaxi-network-2000677945,https://gizmodo.com/app/uploads/2025/10/Hyperion-L4-Uber-Image-1200x675.jpg,2025-10-28T18:45:08Z,"Uber and Nvidia are partnering to build a fleet of 100,000 robotaxis. “This is going to be a new computing platform for us, and I’m expecting it to be quite successful,” CEO Jensen Huang said at Nvid… [+3154 chars]","Nvidia and Uber Say They’re Building a 100,000-Vehicle Robotaxi Network The vehicles would be fully self-driving, without the need for human intervention.",neutral,0,0.8645030856132507
"{'id': 'business-insider', 'name': 'Business Insider'}",tmohamed@businessinsider.com (Theron Mohamed),Apple just joined Nvidia and Microsoft in the $4 trillion club,Apple has joined one of the most exclusive clubs in business after its stock hit a record high on the back of strong iPhone 17 sales and AI buzz.,https://markets.businessinsider.com/news/stocks/apple-stock-price-market-cap-iphone-17-nvidia-microsoft-ai-2025-10,https://i.insider.com/68f79339cc993f9955d09004?width=1200&format=jpeg,2025-10-28T15:01:33Z,"Apple just secured a $4 trillion market capitalization for the first time, becoming only the third public company ever to be worth that much, after Nvidia and Microsoft.
The tech titan's stock price… [+1270 chars]",Apple just joined Nvidia and Microsoft in the $4 trillion club Apple has joined one of the most exclusive clubs in business after its stock hit a record high on the back of strong iPhone 17 sales and AI buzz.,positive,1,0.7706689834594727
"{'id': None, 'name': 'Slashdot.org'}",BeauHD,Qualcomm Announces AI Chips To Compete With AMD and Nvidia,"Qualcomm has entered the AI data center chip race with its new AI200 and AI250 accelerators, directly challenging Nvidia and AMD's dominance by promising lower power costs and high memory capacity. CNBC reports: The AI chips are a shift from Qualcomm, which h…",https://hardware.slashdot.org/story/25/10/27/2030204/qualcomm-announces-ai-chips-to-compete-with-amd-and-nvidia,https://a.fsdn.com/sd/topics/ai_64.png,2025-10-27T22:50:00Z,"The AI chips are a shift from Qualcomm, which has thus far focused on semiconductors for wireless connectivity and mobile devices, not massive data centers. Qualcomm said that both the AI200, which w… [+773 chars]","Qualcomm Announces AI Chips To Compete With AMD and Nvidia Qualcomm has entered the AI data center chip race with its new AI200 and AI250 accelerators, directly challenging Nvidia and AMD's dominance by promising lower power costs and high memory capacity. CNBC reports: The AI chips are a shift from Qualcomm, which h…",positive,1,0.9310718178749084
"{'id': 'business-insider', 'name': 'Business Insider'}",sobrient@insider.com (Samuel O'Brient),Investors are cheering Qualcomm's new chip that will rival Nvidia's AI tech,Qualcomm's announcement of new AI-enabling chips will allow it to go toe-to-toe with powerhouses like Nvidia and AMD.,https://www.businessinsider.com/qualcomm-stock-price-ai-chip-semiconductor-data-center-nvidia-amd-2025-10,https://i.insider.com/68ff9131c007ca8c2737add4?width=1200&format=jpeg,2025-10-27T15:36:24Z,"The move: Qualcomm stock surged Monday, rising 22% to a high of $205.55. The stock is up 23% year-to-date. 
Why: Qualcomm announced that it will roll out a new line of products built for the AI data… [+1971 chars]",Investors are cheering Qualcomm's new chip that will rival Nvidia's AI tech Qualcomm's announcement of new AI-enabling chips will allow it to go toe-to-toe with powerhouses like Nvidia and AMD.,positive,1,0.9321863651275635
"{'id': None, 'name': 'Yahoo Entertainment'}",Yahoo Finance Video,Big Tech earnings: The 3 things Wall Street will be listening for,"Big Tech is on deck for earnings season this week with Magnificent Seven companies Meta Platforms (META), Microsoft (MSFT), and Alphabet (GOOGL, GOOG...",https://finance.yahoo.com/video/big-tech-earnings-3-things-143000573.html,https://s.yimg.com/ny/api/res/1.2/W3taRNsJL7FcNnOoPUov3g--/YXBwaWQ9aGlnaGxhbmRlcjt3PTEyMDA7aD02NzQ-/https://s.yimg.com/os/creatr-uploaded-images/2025-10/f1cdc750-b33c-11f0-bfd7-93882954981f,2025-10-27T14:30:00Z,"What report do you think is really critical that has to come out here and be the tone setter out of all these names reporting. 
Oh, well I I mean, I think all of them. Um, look, meta on CAPEX spendi… [+4184 chars]","Big Tech earnings: The 3 things Wall Street will be listening for Big Tech is on deck for earnings season this week with Magnificent Seven companies Meta Platforms (META), Microsoft (MSFT), and Alphabet (GOOGL, GOOG...",neutral,0,0.8757447004318237
"{'id': None, 'name': 'Yahoo Entertainment'}",Daniel Howley,"Qualcomm stock jumps 11% as company enters AI chip race, taking on Nvidia, AMD",Qualcomm is entering into the AI data center business with its new AI200 and AI250 chips and server racks.,https://finance.yahoo.com/news/qualcomm-stock-jumps-11-as-company-enters-ai-chip-race-taking-on-nvidia-amd-140024484.html,https://s.yimg.com/os/creatr-uploaded-images/2025-10/268b72e0-b0f3-11f0-bfcf-816f87be6591,2025-10-27T14:00:24Z,Qualcomm (QCOM) shares soared more than 20% Monday before closing the day out up 11% after the company announced it is entering the data center market its new AI200 and AI250 chips and rack-scale ser… [+3587 chars],"Qualcomm stock jumps 11% as company enters AI chip race, taking on Nvidia, AMD Qualcomm is entering into the AI data center business with its new AI200 and AI250 chips and server racks.",positive,1,0.8912868499755859
"{'id': 'wired', 'name': 'Wired'}",Paul Ford,The Argument for Letting AI Burn It All Down,"When the AI bubble bursts, the nerds will do their best work.",https://www.wired.com/story/ai-normal-after-ai-plateaus/,"https://media.wired.com/photos/68e83fefb02e55ff56b21b54/191:100/w_1280,c_limit/WIRED-AI-as_Normal_Blue_2.jpg",2025-10-27T10:00:00Z,"Suddenly, and not long ago, our dearest tech industry leaders began to suggest caution. Sam Altman said that AI is in a bubble for sure, albeit one formed around a kernel of truth. Mark Zuckerberg sa… [+3018 chars]","The Argument for Letting AI Burn It All Down When the AI bubble bursts, the nerds will do their best work.",neutral,0,0.9001711010932922
"{'id': 'wired', 'name': 'Wired'}",Brian Merchant,AI Is the Bubble to Burst Them All,I talked to the scholars who literally wrote the book on tech bubbles—and applied their test.,https://www.wired.com/story/ai-bubble-will-burst/,"https://media.wired.com/photos/68e043992e3fc9a36ea8f485/191:100/w_1280,c_limit/WIRED-AI-as_Bubble_Blue_ALT2.jpg",2025-10-27T10:00:00Z,"In the nearly three years since AI took center stage in Silicon Valley, the major players, with the exception of Nvidia, whose chips would likely still be in use post-bust, still havent demonstrated … [+3675 chars]",AI Is the Bubble to Burst Them All I talked to the scholars who literally wrote the book on tech bubbles—and applied their test.,neutral,0,0.9139478206634521
"{'id': 'business-insider', 'name': 'Business Insider'}",Steve Russolillo,The AI boom is keeping employees well paid. It's also not letting them go anywhere.,"The golden handcuff trend is sweeping through Big Tech, particularly at AI chip companies.",https://www.businessinsider.com/ai-boom-employee-pay-restricting-golden-handcuffs-big-tech-2025-10,https://i.insider.com/68fbf60f599d46a4ccc0d8e3?width=800&format=jpeg,2025-10-26T10:45:01Z,"Rick Wilking/Reuters
<ul><li>This post originally appeared in the BI Today newsletter.</li><li>You can sign up for Business Insider's daily newsletter here.</li></ul>Welcome back to our Sunday editi… [+7227 chars]","The AI boom is keeping employees well paid. It's also not letting them go anywhere. The golden handcuff trend is sweeping through Big Tech, particularly at AI chip companies.",neutral,0,0.7643358111381531
"{'id': 'business-insider', 'name': 'Business Insider'}","Hugh Langley,Geoff Weiss,Rosalie Chan","Chipmakers Nvidia, AMD, and Broadcom are slapping 'golden handcuffs' on workers to meet demand for the AI boom","Nvidia and Broadcom employees say their pay structure makes leaving a ""big cost."" Silicon Valley has used the ""golden handcuffs"" tactic for years.",https://www.businessinsider.com/nvidia-amd-broadcom-chipmakers-employee-retention-ai-boom-2025-10,https://i.insider.com/68fbc67a599d46a4ccc0d1a3?width=1200&format=jpeg,2025-10-26T09:10:01Z,"Getty Images; Rebecca Zisser/BI
<ul><li>Chipmakers like Nvidia, Broadcom, and AMD use stock-based pay to retain employees amid the AI boom.</li><li>Stock payouts, which vest over time, incentivize e… [+6288 chars]","Chipmakers Nvidia, AMD, and Broadcom are slapping 'golden handcuffs' on workers to meet demand for the AI boom Nvidia and Broadcom employees say their pay structure makes leaving a ""big cost."" Silicon Valley has used the ""golden handcuffs"" tactic for years.",negative,-1,0.8568441867828369
"{'id': None, 'name': 'Yahoo Entertainment'}",Yahoo Finance Video,3 most important things to watch with Big Tech earnings next week,"Big Tech earnings are on deck next week with Magnificent Seven companies Microsoft (MSFT), Amazon (AMZN), Apple (AAPL), Alphabet (GOOG, GOOGL), and Meta...",https://finance.yahoo.com/video/3-most-important-things-watch-205449651.html,https://s.yimg.com/ny/api/res/1.2/yiQBY.8cGY1HQDxIiUwb3g--/YXBwaWQ9aGlnaGxhbmRlcjt3PTEyMDA7aD02NzU-/https://s.yimg.com/os/creatr-uploaded-images/2025-10/9ea40cb0-b11b-11f0-badf-defbcab889b0,2025-10-24T20:54:49Z,"Well Big tech taking center stage. Microsoft, Alphabet, Meta reporting earnings on Wednesday followed by Apple and Amazon on Thursday. Together, they represent a huge slice of the market, saying the … [+6287 chars]","3 most important things to watch with Big Tech earnings next week Big Tech earnings are on deck next week with Magnificent Seven companies Microsoft (MSFT), Amazon (AMZN), Apple (AAPL), Alphabet (GOOG, GOOGL), and Meta...",neutral,0,0.8964341282844543
"{'id': None, 'name': 'Yahoo Entertainment'}",Aniruddha Ganguly,"Buy, Sell or Hold GOOGL Stock Before Q3 Earnings? Here's What to Know","Alphabet's AI-driven Search gains, cloud expansion, and easing regulatory pressure set the stage for its Q3 2025 earnings release.",https://finance.yahoo.com/news/buy-sell-hold-googl-stock-173800424.html,https://media.zenfs.com/en/zacks.com/30e90ac213ebedcfe9ef1b79c529169c,2025-10-24T17:38:00Z,"Alphabet GOOGL is set to report third-quarter 2025 results on Oct. 30. 
For third-quarter 2025, the Zacks Consensus Estimate for earnings is pegged at $2.27 per share, down 3 cents over the past 30 … [+6017 chars]","Buy, Sell or Hold GOOGL Stock Before Q3 Earnings? Here's What to Know Alphabet's AI-driven Search gains, cloud expansion, and easing regulatory pressure set the stage for its Q3 2025 earnings release.",neutral,0,0.5420563817024231
"{'id': 'business-insider', 'name': 'Business Insider'}",Alistair Barr,Big Tech's 'golden handcuffs' have become 'silicon handcuffs',"Engineers at AMD, Broadcom, and Nvidia are being locked in by 'silicon handcuffs' due to soaring stock, echoing past Big Tech equity pay strategies.",https://www.businessinsider.com/big-tech-golden-handcuffs-become-silicon-rsus-nvidia-amd-broadcom-2025-10,https://i.insider.com/68fa7f260be9845f2dc4fd3b?width=1200&format=jpeg,2025-10-24T14:31:01Z,"An x-ray of a person with handcuffs onScience Photo Library/Reuters
<ul><li>A version of this story originally appeared in the BI Tech Memo newsletter.</li><li>Sign up for the weekly BI Tech Memo ne… [+1544 chars]","Big Tech's 'golden handcuffs' have become 'silicon handcuffs' Engineers at AMD, Broadcom, and Nvidia are being locked in by 'silicon handcuffs' due to soaring stock, echoing past Big Tech equity pay strategies.",negative,-1,0.8989474177360535
"{'id': None, 'name': 'Theregister.com'}",Simon Sharwood,Supermicro warns it will miss revenue forecast by a lazy billion bucks or more,"Mystery customer wants an upgrade that will take some time
Supermicro has revised its revenue forecast downwards by a couple of billion dollars, but insisted it’s nothing to worry about.…",https://www.theregister.com/2025/10/24/supermicro_revenue_warning/,https://regmedia.co.uk/2022/03/21/supermicro.jpg,2025-10-24T05:09:58Z,"Supermicro has revised its revenue forecast downwards by a couple of billion dollars, but insisted its nothing to worry about.
The company on Thursday issued an update on its business ahead of the Q… [+2076 chars]","Supermicro warns it will miss revenue forecast by a lazy billion bucks or more Mystery customer wants an upgrade that will take some time
Supermicro has revised its revenue forecast downwards by a couple of billion dollars, but insisted it’s nothing to worry about.…",negative,-1,0.9664027690887451
"{'id': 'the-verge', 'name': 'The Verge'}",Sean Hollister,"Intel’s tick-tock isn’t coming back, and everything else I just learned","With Windows 10 on its last legs, Intel is looking forward to the PC industry growing more than it has in years - the most since 2021, when the covid-19 pandemic revived the industry by creating a huge surge in demand. But it seems the struggling Intel, which…",https://www.theverge.com/tech/805652/intel-q3-2025-earnings-18a-panther-lake-ai-gpus-annual,https://platform.theverge.com/wp-content/uploads/sites/2/chorus/uploads/chorus_asset/file/25007293/intel14900k.jpg?quality=90&strip=all&crop=0%2C10.462709848801%2C100%2C79.074580302398&w=1200,2025-10-23T23:18:48Z,"<ul><li></li><li></li><li></li></ul>
Intels Q3 earnings call had some intriguing insight.
Intels Q3 earnings call had some intriguing insight.
by
Sean HollisterClose
Sean Hollister
Posts from t… [+4319 chars]","Intel’s tick-tock isn’t coming back, and everything else I just learned With Windows 10 on its last legs, Intel is looking forward to the PC industry growing more than it has in years - the most since 2021, when the covid-19 pandemic revived the industry by creating a huge surge in demand. But it seems the struggling Intel, which…",positive,1,0.9197487235069275
"{'id': None, 'name': 'Forbes'}","Trefis Team, Contributor, 
 Trefis Team, Contributor
 https://www.forbes.com/sites/greatspeculations/people/trefis/",Nvidia Stock Paid Out $80 Billion,"The payouts are only likely to pick up, as Nvidia retains the pole position in the AI silicon race",https://www.forbes.com/sites/greatspeculations/2025/10/23/nvidia-stock-paid-out-80-billion/,https://imageio.forbes.com/specials-images/imageserve/68f9f4c1294219bab02bf840/0x0.jpg?format=jpg&height=900&width=1600&fit=bounds,2025-10-23T12:23:36Z,"Over the past decade, NVIDIA (NASDAQ: NVDA)
 stock has returned an impressive $83 Bil to its investors in the form of cash through dividends and buybacks. The payouts are only likely to pick up, as … [+4510 chars]","Nvidia Stock Paid Out $80 Billion The payouts are only likely to pick up, as Nvidia retains the pole position in the AI silicon race",positive,1,0.9375132322311401
"{'id': 'business-insider', 'name': 'Business Insider'}",Alistair Barr,Nvidia backs $6 billion battery recycling giant in bid to power the AI boom,Redwood Materials raises $350 million from investors including Eclipse Ventures and Nvidia. The money will help fund a new energy storage business.,https://www.businessinsider.com/nvidia-backs-redwood-materials-battery-recycling-power-ai-boom-2025-10,https://i.insider.com/68f9305f0be9845f2dc4e8a8?width=1200&format=jpeg,2025-10-23T12:00:01Z,"Redwood Materials' campus in Nevada, with its new energy storage system on the left, a solar array in the center, and a Google data center on the far right.Redwood Materials
<ul><li>Redwood Material… [+4005 chars]",Nvidia backs $6 billion battery recycling giant in bid to power the AI boom Redwood Materials raises $350 million from investors including Eclipse Ventures and Nvidia. The money will help fund a new energy storage business.,positive,1,0.7560830116271973
"{'id': None, 'name': 'Barchart.com'}",Anushka Mukherji,Can Nvidia Stock Hit $300 in 2025?,Will Nvidia’s unstoppable AI momentum drive the stock past $300 by the end of 2025?,https://www.barchart.com/story/news/35608693/can-nvidia-stock-hit-300-in-2025,https://s.yimg.com/ny/api/res/1.2/7x9oHaheYfL_05Phg0FTvg--/YXBwaWQ9aGlnaGxhbmRlcjt3PTEyMDA7aD04MDA-/https://media.zenfs.com/en/barchart_com_477/d869ad8ddb9b536f9a2ff587cba6add7,2025-10-22T13:00:02Z,"When it comes to artificial intelligence (AI), one name that towers above the rest is Nvidia (NVDA). The chipmaking powerhouse has become the heartbeat of the AI revolution, fueling everything from m… [+6974 chars]",Can Nvidia Stock Hit $300 in 2025? Will Nvidia’s unstoppable AI momentum drive the stock past $300 by the end of 2025?,neutral,0,0.7419741153717041
"{'id': None, 'name': 'Yahoo Entertainment'}",Talha Qureshi,NVIDIA Corporation (NVDA) And Taiwan Semiconductor Manufacturing (TSM) Produces the First Blackwell Wafer in US,"​NVIDIA Corporation (NASDAQ:NVDA) is one of the Best Revenue Growth Stocks to Invest In. On October 17, NVIDIA Corporation (NASDAQ:NVDA) announced reaching a...",https://finance.yahoo.com/news/nvidia-corporation-nvda-taiwan-semiconductor-091719296.html,https://s.yimg.com/ny/api/res/1.2/kZveoOmr3ngssVpudK1u4A--/YXBwaWQ9aGlnaGxhbmRlcjt3PTEyMDA7aD02NzM-/https://media.zenfs.com/en/insidermonkey.com/aa94e059977d3251b8b0630718e013fc,2025-10-22T09:17:19Z,"NVIDIA Corporation (NASDAQ:NVDA) is one of the Best Revenue Growth Stocks to Invest In. On October 17, NVIDIA Corporation (NASDAQ:NVDA) announced reaching a major milestone with Taiwan Semiconductor … [+1380 chars]","NVIDIA Corporation (NVDA) And Taiwan Semiconductor Manufacturing (TSM) Produces the First Blackwell Wafer in US ​NVIDIA Corporation (NASDAQ:NVDA) is one of the Best Revenue Growth Stocks to Invest In. On October 17, NVIDIA Corporation (NASDAQ:NVDA) announced reaching a...",positive,1,0.8030093908309937
"{'id': None, 'name': 'Barchart.com'}",Jabran Kundi,"Dear Intel Stock Fans, Mark Your Calendars for October 23","The upcoming earnings could bring a positive surprise, but everyone has their eyes on the company's product roadmap.",https://www.barchart.com/story/news/35588511/dear-intel-stock-fans-mark-your-calendars-for-october-23,https://media.zenfs.com/en/barchart_com_477/4bc6cedfb85e4ad436b4816e4ecab9b9,2025-10-21T15:43:43Z,"Intel (INTC) is expected to announce its Q3 earnings report later this week, and unlike the last few times, there is visibly more optimism among investors. It is not difficult to figure out why. The … [+5348 chars]","Dear Intel Stock Fans, Mark Your Calendars for October 23 The upcoming earnings could bring a positive surprise, but everyone has their eyes on the company's product roadmap.",neutral,0,0.7242322564125061
"{'id': None, 'name': 'Slashdot.org'}",BeauHD,Alibaba Cloud Says It Cut Nvidia AI GPU Use By 82% With New Pooling System,"Alibaba Cloud claims its new Aegaeon GPU pooling system cuts Nvidia GPU use by 82%, letting 213 H20 accelerators handle workloads that previously required 1,192. The advancements have been detailed in a paper (PDF) at the 2025 ACM Symposium on Operating Syste…",https://hardware.slashdot.org/story/25/10/21/005243/alibaba-cloud-says-it-cut-nvidia-ai-gpu-use-by-82-with-new-pooling-system,https://a.fsdn.com/sd/topics/cloud_64.png,2025-10-21T10:00:00Z,"Unlike training-time breakthroughs that chase model quality or speed, Aegaeon is an inference-time scheduler designed to maximize GPU utilization across many models with bursty or unpredictable deman… [+1010 chars]","Alibaba Cloud Says It Cut Nvidia AI GPU Use By 82% With New Pooling System Alibaba Cloud claims its new Aegaeon GPU pooling system cuts Nvidia GPU use by 82%, letting 213 H20 accelerators handle workloads that previously required 1,192. The advancements have been detailed in a paper (PDF) at the 2025 ACM Symposium on Operating Syste…",neutral,0,0.5812811851501465
"{'id': None, 'name': 'Simonwillison.net'}",Simon Willison,Getting DeepSeek-OCR working on an Nvidia Spark via brute force with Claude Code,"DeepSeek released a new model yesterday: DeepSeek-OCR, a 6.6GB model fine-tuned specifically for OCR. They released it as model weights that run using PyTorch and CUDA. I got it running …",https://simonwillison.net/2025/Oct/20/deepseek-ocr-claude-code/,https://static.simonwillison.net/static/2025/deepseek-ocr-card.jpg,2025-10-20T17:24:49Z,"20th October 2025
DeepSeek released a new model yesterday: DeepSeek-OCR, a 6.6GB model fine-tuned specifically for OCR. They released it as model weights that run using PyTorch and CUDA. I got it ru… [+12038 chars]","Getting DeepSeek-OCR working on an Nvidia Spark via brute force with Claude Code DeepSeek released a new model yesterday: DeepSeek-OCR, a 6.6GB model fine-tuned specifically for OCR. They released it as model weights that run using PyTorch and CUDA. I got it running …",neutral,0,0.8898592591285706
"{'id': 'business-insider', 'name': 'Business Insider'}",Daniel Geiger,A $5 billion deal key to CoreWeave's AI empire just lost another investor's support,CoreWeave's deal to acquire a data center partner is in jeopardy after shareholders oppose the transaction.,https://www.businessinsider.com/core-scientific-shareholder-oppose-coreweave-takeover-bid-2025-10,https://i.insider.com/68f2a1551c1f80efbec5d3f2?width=1200&format=jpeg,2025-10-17T21:44:09Z,"Michael Intrator, CoreWeave's CEOTom Williams/CQ-Roll Call, Inc via Getty Images
<ul><li>CoreWeave's rapid growth has thrust it into the center of a growing debate about an AI bubble.</li><li>In Jul… [+7588 chars]",A $5 billion deal key to CoreWeave's AI empire just lost another investor's support CoreWeave's deal to acquire a data center partner is in jeopardy after shareholders oppose the transaction.,negative,-1,0.951364278793335
"{'id': None, 'name': 'Yahoo Entertainment'}",Aniruddha Ganguly,Cisco Trades Near 52-Week High: Is the CSCO Stock Still a Buy?,"CSCO's AI surge, NVIDIA partnership, and expanding security portfolio fuel optimism for sustained growth despite networking headwinds.",https://finance.yahoo.com/news/cisco-trades-near-52-week-180300346.html,https://media.zenfs.com/en/zacks.com/77a053cf2d2dc44c2e658d9c7a167193,2025-10-16T18:03:00Z,"Cisco Systems CSCO shares closed at $69.52 on Wednesday, trading very close to the 52-week high of $72.55 it hit on Aug. 11. Ciscos aggressive AI push and growing security dominance are driving prosp… [+5173 chars]","Cisco Trades Near 52-Week High: Is the CSCO Stock Still a Buy? CSCO's AI surge, NVIDIA partnership, and expanding security portfolio fuel optimism for sustained growth despite networking headwinds.",positive,1,0.9526431560516357
"{'id': None, 'name': 'Yahoo Entertainment'}",Reuters,Chip stocks rise after TSMC's rosy outlook on strong AI demand,"(Reuters) -Semiconductor stocks advanced on Thursday after top contract chipmaker TSMC (TSM) issued a rosy forecast, fanning optimism about demand for...",https://finance.yahoo.com/news/chip-stocks-rise-tsmcs-rosy-133923357.html,https://media.zenfs.com/en/reuters-finance.com/2b25e71e639c1e264cab467a2ec4f4e5,2025-10-16T13:39:23Z,"(Reuters) -Semiconductor stocks advanced on Thursday after top contract chipmaker TSMC (TSM) issued a rosy forecast, fanning optimism about demand for artificial intelligence infrastructure in a week… [+1608 chars]","Chip stocks rise after TSMC's rosy outlook on strong AI demand (Reuters) -Semiconductor stocks advanced on Thursday after top contract chipmaker TSMC (TSM) issued a rosy forecast, fanning optimism about demand for...",positive,1,0.9459444284439087
"{'id': None, 'name': 'MacRumors'}",Hartley Charlton,Apple CEO Tim Cook Pledges to Increase Investment in China,"Apple CEO Tim Cook pledged to expand the company's investments in China during his latest visit to the country, signaling that Apple intends to maintain a strong presence in its most important manufacturing hub even as it continues diversifying production els…",https://www.macrumors.com/2025/10/16/tim-cook-to-increase-investment-in-china/,https://images.macrumors.com/t/3VPOr2qCyWCWYAx7WrNr0aVW3r0=/1600x/article-new/2025/10/tim-cook-china-popmart.jpg,2025-10-16T12:51:02Z,"Apple CEO Tim Cook pledged to expand the company's investments in China during his latest visit to the country, signaling that Apple intends to maintain a strong presence in its most important manufa… [+2345 chars]","Apple CEO Tim Cook Pledges to Increase Investment in China Apple CEO Tim Cook pledged to expand the company's investments in China during his latest visit to the country, signaling that Apple intends to maintain a strong presence in its most important manufacturing hub even as it continues diversifying production els…",positive,1,0.9408273100852966
"{'id': None, 'name': 'Forbes'}","Trefis Team, Contributor, 
 Trefis Team, Contributor
 https://www.forbes.com/sites/greatspeculations/people/trefis/",Why NVIDIA Stock Rose 80% In 6 Months?,The 77.2% change in NVIDIA (NVDA) stock from 4/18/2025 to 10/15/2025 was chiefly motivated by a 48.4% change in the company’s P/E Multiple.,https://www.forbes.com/sites/greatspeculations/2025/10/16/why-nvidia-stock-rose-80-in-6-months/,https://imageio.forbes.com/specials-images/imageserve/682c55f22fe47f87c4039447/0x0.jpg?format=jpg&height=900&width=1600&fit=bounds,2025-10-16T12:23:47Z,"Photo Illustration by Costfoto/NurPhoto via Getty Images
NurPhoto via Getty Images
From a quantitative perspective, the 77.2% change in NVIDIA (NVDA)
 stock from 4/18/2025 to 10/15/2025 was chiefl… [+4438 chars]",Why NVIDIA Stock Rose 80% In 6 Months? The 77.2% change in NVIDIA (NVDA) stock from 4/18/2025 to 10/15/2025 was chiefly motivated by a 48.4% change in the company’s P/E Multiple.,positive,1,0.8905060291290283
"{'id': None, 'name': 'Theregister.com'}",Dan Robinson,ASML shrugs off China slump with faith in AI-fueled chip demand,"Beijing's self-reliance push and US export limits hit orders
Europe's tech darling ASML has warned Chinese demand for its chipmaking kit will plummet next year, as Beijing doubles down on home-grown alternatives in response to Uncle Sam's export restrictions …",https://www.theregister.com/2025/10/15/asml_q3_2025/,https://regmedia.co.uk/2023/04/19/shutterstock_asmllogo.jpg,2025-10-15T13:22:27Z,"Europe's tech darling ASML has warned Chinese demand for its chipmaking kit will plummet next year, as Beijing doubles down on home-grown alternatives in response to Uncle Sam's export restrictions a… [+3291 chars]","ASML shrugs off China slump with faith in AI-fueled chip demand Beijing's self-reliance push and US export limits hit orders
Europe's tech darling ASML has warned Chinese demand for its chipmaking kit will plummet next year, as Beijing doubles down on home-grown alternatives in response to Uncle Sam's export restrictions …",negative,-1,0.9675507545471191
"{'id': None, 'name': 'Yahoo Entertainment'}",Anirudha Bhagat,NVDA vs. AMD: Which AI Hardware Stock Has Better Investment Potential?,"NVIDIA's dominance in AI chips, booming data center sales and expanding partnerships give it an edge over AMD in the race for AI hardware leadership.",https://finance.yahoo.com/news/nvda-vs-amd-ai-hardware-123500021.html,https://media.zenfs.com/en/zacks.com/cbfcc2d36e5d5391b79e00de30b0354f,2025-10-15T12:35:00Z,"NVIDIA Corporation NVDA and Advanced Micro Devices, Inc. AMD sit at the center of the artificial intelligence (AI) hardware revolution. Both are crucial players in the semiconductor space, competing … [+5531 chars]","NVDA vs. AMD: Which AI Hardware Stock Has Better Investment Potential? NVIDIA's dominance in AI chips, booming data center sales and expanding partnerships give it an edge over AMD in the race for AI hardware leadership.",positive,1,0.9384568929672241
"{'id': 'business-insider', 'name': 'Business Insider'}",sobrient@insider.com (Samuel O'Brient),Morgan Stanley says the colossal AI spending spree could pay for itself by 2028,"Some in markets have wondered if the AI spending boom is sustainable, but Morgan Stanley says the huge capex will deliver returns by 2028.",https://www.businessinsider.com/ai-spending-boom-capex-big-tech-morgan-stanley-2025-10,https://i.insider.com/68eeb5351c1f80efbec597a6?width=1200&format=jpeg,2025-10-15T09:30:01Z,"AI is the story driving markets in 2025, but as companies rack up huge tabs in their sprawling infrastructure buildout, some investors have begun to worry: will all of the spending be worth it?
Morg… [+1639 chars]","Morgan Stanley says the colossal AI spending spree could pay for itself by 2028 Some in markets have wondered if the AI spending boom is sustainable, but Morgan Stanley says the huge capex will deliver returns by 2028.",positive,1,0.9230003356933594
"{'id': 'business-insider', 'name': 'Business Insider'}",Shubhangi Goel,Jensen Huang name-checks 6 AI companies — and says 100% of Nvidia engineers use one of them,Six AI startups are part of Jensen Huang's future vision for human-agentic AI workforces.,https://www.businessinsider.com/jensen-huang-hot-ai-startups-nvidia-vibe-coding-cursor-openai-2025-10,https://i.insider.com/68ef3a711c1f80efbec59bde?width=1200&format=jpeg,2025-10-15T08:57:52Z,"Nvidia is partnering with beleaguered Intel to the tune of $5 billion.Kent Nishimura/REUTERS
<ul><li>Jensen Huang highlighted six AI startups that he said will be part of the human-digital workforce… [+2553 chars]",Jensen Huang name-checks 6 AI companies — and says 100% of Nvidia engineers use one of them Six AI startups are part of Jensen Huang's future vision for human-agentic AI workforces.,neutral,0,0.875030517578125
"{'id': None, 'name': 'CNET'}",Tyler Graham,Maingear Announces Doom-Themed Gaming PC That Is Sure to Rip and Tear Apart Your Wallet,"This premium series of desktop PCs, created in collaboration with Havn, offer three pricey configs with cutting-edge gaming specs.",https://www.cnet.com/tech/computing/maingear-announces-doom-themed-gaming-pc-that-is-sure-to-rip-and-tear-apart-your-wallet/,https://www.cnet.com/a/img/resize/3328d88cd301fd4c402f31fa27006199722834de/hub/2025/10/14/661f1a3d-f209-4dbc-90ad-9ddaf1e1070b/havn-doom-desktop-pc-promo-hed.png?auto=webp&fit=crop&height=675&width=1200,2025-10-14T21:46:05Z,"Maingear revealed its newest custom-built gaming PCs, the Doom Series, which serve as an ode to one of the most iconic first-person shooter games of all time. Created in collaboration with Havn, each… [+3233 chars]","Maingear Announces Doom-Themed Gaming PC That Is Sure to Rip and Tear Apart Your Wallet This premium series of desktop PCs, created in collaboration with Havn, offer three pricey configs with cutting-edge gaming specs.",neutral,0,0.7315391898155212
"{'id': 'business-insider', 'name': 'Business Insider'}",Geoff Weiss,Inside Nvidia's org chart: See 36 leaders who report to CEO Jensen Huang at the world's most valuable company,Nvidia CEO Jensen Huang is known for having more direct reports than other tech leaders. An internal list shows these 36 reports.,https://www.businessinsider.com/nvidia-org-chart-leaders-report-to-ceo-jensen-huang-2025-10,https://i.insider.com/68eeace8cc993f9955d03249?width=800&format=jpeg,2025-10-14T21:34:11Z,"Jensen HuangKent Nishimura/Reuters
<ul><li>An internal list shows Nvidia CEO Jensen Huang's 36 direct reports.</li><li>Huang is known for having many direct reports and said he had 55 last year.</li… [+4906 chars]",Inside Nvidia's org chart: See 36 leaders who report to CEO Jensen Huang at the world's most valuable company Nvidia CEO Jensen Huang is known for having more direct reports than other tech leaders. An internal list shows these 36 reports.,neutral,0,0.90749591588974
"{'id': None, 'name': 'Gizmodo.com'}",AJ Dellinger,Is the AI Conveyor Belt of Capital About to Stop?,Good thing it's only the entire economy propped up by this right now.,https://gizmodo.com/is-the-ai-conveyor-belt-of-capital-about-to-stop-2000671017,https://gizmodo.com/app/uploads/2025/10/openAI_oracle_stargate-1200x675.jpg,2025-10-13T19:40:03Z,The American economy is little more than a big bet on AI. Morgan Stanley investor Ruchir Sharma recently noted that money poured into AI investments now accounts for about 40% of the United States GD… [+12177 chars],Is the AI Conveyor Belt of Capital About to Stop? Good thing it's only the entire economy propped up by this right now.,neutral,0,0.6682854294776917
"{'id': 'the-verge', 'name': 'The Verge'}",Robert Hart,OpenAI partners with Broadcom to produce its own AI chips,OpenAI is teaming up with Broadcom to produce its own computer chips to power its AI data centers. The deal is the latest in a series of partnerships designed to reduce the company’s reliance on Nvidia and secure enough computing power to fuel apps like ChatG…,https://www.theverge.com/news/798827/openai-broadcom-custom-ai-chips,https://platform.theverge.com/wp-content/uploads/sites/2/2025/02/STK155_OPEN_AI_2025_CVirgiia_B.jpg?quality=90&strip=all&crop=0%2C10.732984293194%2C100%2C78.534031413613&w=1200,2025-10-13T14:59:44Z,"<ul><li></li><li></li><li></li></ul>
Chipping away at Nvidias dominance one deal at a time.
Chipping away at Nvidias dominance one deal at a time.
by
Robert HartClose
Robert Hart
Posts from thi… [+2922 chars]",OpenAI partners with Broadcom to produce its own AI chips OpenAI is teaming up with Broadcom to produce its own computer chips to power its AI data centers. The deal is the latest in a series of partnerships designed to reduce the company’s reliance on Nvidia and secure enough computing power to fuel apps like ChatG…,positive,1,0.8553376197814941
"{'id': 'business-insider', 'name': 'Business Insider'}",Samuel O'Brient,OpenAI is eying a $25 billion data center project in Argentina,"OpenAI's initiative with Sur Energy would be one of Argentina's largest energy infrastructure projects ever, with 500 megawatts of capacity.",https://www.businessinsider.com/openai-data-center-argentina-sur-engery-ai-compute-2025-10,https://i.insider.com/68ecfa425dbc4fd10daab57b?width=1200&format=jpeg,2025-10-13T13:32:01Z,"Sam Altman, CEO OpenAI, photographed in BerlinIMAGO/BMF via Reuters Connect
<ul><li>OpenAI's flurry of dealmaking for AI compute continues, with the company eying a huge project in Argentina. </li><… [+2007 chars]","OpenAI is eying a $25 billion data center project in Argentina OpenAI's initiative with Sur Energy would be one of Argentina's largest energy infrastructure projects ever, with 500 megawatts of capacity.",positive,1,0.6574265360832214
"{'id': 'wired', 'name': 'Wired'}",Luke Larsen,Best Windows Laptops (2025): WIRED-Tested Laptops to Buy,"If you can’t upgrade to Windows 11 with a simple software update, these are the best Windows 11 laptops to buy right now.",https://www.wired.com/gallery/best-windows-laptops/,"https://media.wired.com/photos/68e972a9adf8b328300b90b3/191:100/w_1280,c_limit/Windows%2010%20Is%20Dead.%20Upgrade%20to%20One%20of%20These%20Great%20Windows%2011%20Laptops.png",2025-10-13T12:00:00Z,"You'll want to read our extensive guide on How to Choose the Right Laptop, but for the basics, you'll want to decide what category of laptop you need. Most people should buy a 13-inch or 14-inch lapt… [+3054 chars]","Best Windows Laptops (2025): WIRED-Tested Laptops to Buy If you can’t upgrade to Windows 11 with a simple software update, these are the best Windows 11 laptops to buy right now.",neutral,0,0.8794803023338318
"{'id': 'business-insider', 'name': 'Business Insider'}",Theron Mohamed,The world's 10 richest people lost nearly $70 billion in Friday's market rout,"Elon Musk, Jeff Bezos, and Mark Zuckerberg led the wealth declines on Friday as fresh fears of a trade war hammered stocks.",https://www.businessinsider.com/rich-list-trump-trade-war-musk-bezos-zuck-ai-stocks-2025-10,https://i.insider.com/68ecce465dbc4fd10daab4fd?width=1200&format=jpeg,2025-10-13T10:45:50Z,"Larry Ellison is one of the world's richest men, so he can buy anything he wants, like a media company or two. That's what Elon Musk did with Twitter.Anna Moneymaker; Kevin Dietsch / Getty Images
<u… [+2361 chars]","The world's 10 richest people lost nearly $70 billion in Friday's market rout Elon Musk, Jeff Bezos, and Mark Zuckerberg led the wealth declines on Friday as fresh fears of a trade war hammered stocks.",negative,-1,0.9677734375
"{'id': 'business-insider', 'name': 'Business Insider'}",Hugh Langley,"In Big Tech's knotty game of AI Twister, what happens when a giant slips?",It's not just OpenAI and Oracle. Inside the rise of strange AI bedfellows.,https://www.businessinsider.com/big-techs-ai-love-fest-getting-messy-openai-oracle-2025-10,https://i.insider.com/68e975141c1f80efbec569ba?width=1200&format=jpeg,2025-10-13T08:11:01Z,"You know the saying: Keep your friends close, and your trillion-dollar AI enemies closer.
The artificial intelligence explosion has sparked an intensity of competition in Silicon Valley not seen sin… [+10695 chars]","In Big Tech's knotty game of AI Twister, what happens when a giant slips? It's not just OpenAI and Oracle. Inside the rise of strange AI bedfellows.",neutral,0,0.8330712914466858
"{'id': None, 'name': 'Gizmodo.com'}",Kyle Barr,"Maingear’s Apex Rush Gaming Desktop Makes Laziness Feel So, So Good","Maingear's new PC puts an extra premium on its pretty build, but it's a damn nice desktop besides.",https://gizmodo.com/maingear-apex-rush-desktop-pc-review-gaming-benchmarks-2000670460,https://gizmodo.com/app/uploads/2025/10/Maingear-Apex-Rush-desktop-PC-review-19-1200x675.jpg,2025-10-12T14:00:52Z,"You can build your own PC. It isnt that hard. The time commitment may be too much for some people, but the end result is normally more compelling since you know what went into it and what may inevita… [+9627 chars]","Maingear’s Apex Rush Gaming Desktop Makes Laziness Feel So, So Good Maingear's new PC puts an extra premium on its pretty build, but it's a damn nice desktop besides.",neutral,0,0.646782636642456
"{'id': None, 'name': 'Yahoo Entertainment'}",Simply Wall St,Navitas Semiconductor (NVTS): Assessing Valuation After NVIDIA AI Partnership and Manufacturing Expansion,Navitas Semiconductor (NVTS) recently announced a partnership with NVIDIA to develop high-voltage power solutions tailored for AI data centers. This...,https://finance.yahoo.com/news/navitas-semiconductor-nvts-assessing-valuation-080718260.html,https://media.zenfs.com/en/simply_wall_st__316/ce85212c51bd88fd1fdcd0febb642a4a,2025-10-12T08:07:18Z,Navitas Semiconductor (NVTS) recently announced a partnership with NVIDIA to develop high-voltage power solutions tailored for AI data centers. This collaboration is driving renewed interest and posi… [+3523 chars],Navitas Semiconductor (NVTS): Assessing Valuation After NVIDIA AI Partnership and Manufacturing Expansion Navitas Semiconductor (NVTS) recently announced a partnership with NVIDIA to develop high-voltage power solutions tailored for AI data centers. This...,positive,1,0.9087955355644226
"{'id': None, 'name': 'Slashdot.org'}",EditorDavid,'Circular' AI Mega-Deals by AI and Hardware Giants are Raising Eyebrows,"""Nvidia is investing billions in and selling chips to OpenAI, which is also buying chips from and earning stock in AMD,"" writes SFGate. ""AMD sells processors to Oracle, which is building data centers with OpenAI — which also gets data center work from CoreWea…",https://slashdot.org/story/25/10/11/1819237/circular-ai-mega-deals-by-ai-and-hardware-giants-are-raising-eyebrows,https://a.fsdn.com/sd/topics/ai_64.png,2025-10-11T18:34:00Z,"""Nvidia is investing billions in and selling chips to OpenAI, which is also buying chips from and earning stock in AMD,"" writes SFGate. ""AMD sells processors to Oracle, which is building data centers… [+1630 chars]","'Circular' AI Mega-Deals by AI and Hardware Giants are Raising Eyebrows ""Nvidia is investing billions in and selling chips to OpenAI, which is also buying chips from and earning stock in AMD,"" writes SFGate. ""AMD sells processors to Oracle, which is building data centers with OpenAI — which also gets data center work from CoreWea…",neutral,0,0.7132828235626221
"{'id': 'wired', 'name': 'Wired'}",Luke Larsen,Lenovo Yoga Pro 9i 16 Review: A True MacBook Pro Rival?,"No Windows laptop is dethroning the MacBook Pro anytime soon, but the Yoga Pro 9i 16 gets surprisingly close.",https://www.wired.com/review/lenovo-yoga-pro-9i-16/,"https://media.wired.com/photos/68e96bf77c192a1493f91916/191:100/w_1280,c_limit/IMG_1898.JPG",2025-10-11T12:00:00Z,"We shouldnt expect any Windows laptop with a powerful discrete GPU to truly replicate what the MacBook Pro does. Yes, there are more powerful systems out there, but efficiency is just not what those … [+1903 chars]","Lenovo Yoga Pro 9i 16 Review: A True MacBook Pro Rival? No Windows laptop is dethroning the MacBook Pro anytime soon, but the Yoga Pro 9i 16 gets surprisingly close.",positive,1,0.5640290379524231
"{'id': None, 'name': 'Gizmodo.com'}",Kyle Barr,"So, Is Intel Still Making Graphics Cards?","Intel won’t talk about its partnership with Nvidia, but the chipmaker’s still promising “the Next Arc family.”",https://gizmodo.com/intel-still-making-graphics-cards-2000670431,https://gizmodo.com/app/uploads/2025/10/Intel-Fab-Tour-Panther-Lake-1-1200x675.jpg,2025-10-09T19:31:37Z,Theres something strange going on at Intel. The company is looking to get leaner as it simultaneously builds up its chipmaking capabilities. The U.S. chip giants nascent venture into graphics cards d… [+4303 chars],"So, Is Intel Still Making Graphics Cards? Intel won’t talk about its partnership with Nvidia, but the chipmaker’s still promising “the Next Arc family.”",neutral,0,0.6235795617103577
"{'id': 'business-insider', 'name': 'Business Insider'}",Robert Scammell,3 things we learned from OpenAI CEO Sam Altman about his deal strategy this week,"OpenAI's partnerships have pushed the value of its dealmaking to $1 trillion this year alone, and CEO Sam Altman doesn't seem to be finished.",https://www.businessinsider.com/sam-altman-openai-deal-strategy-amd-nvidia-oracle-coreweave-chips-2025-10,https://i.insider.com/68e7f1e25dbc4fd10daa8b91?width=1200&format=jpeg,2025-10-09T18:10:32Z,"Sam Altman speaking at OpenAI's DevDay.Benjamin LEGENDRE / AFP
<ul><li>OpenAI has been on a dealmaking tear, as its partnerships with Nvidia and others top $1 trillion.</li><li>Sam Altman shared the… [+3402 chars]","3 things we learned from OpenAI CEO Sam Altman about his deal strategy this week OpenAI's partnerships have pushed the value of its dealmaking to $1 trillion this year alone, and CEO Sam Altman doesn't seem to be finished.",neutral,0,0.6036593914031982
"{'id': 'the-verge', 'name': 'The Verge'}",Sean Hollister,"Here is Panther Lake, Intel’s 2026 laptop chip with next-gen graphics","Panther Lake is the most important chip Intel has made in years. It's the one that will tell the world if a smaller, more focused Intel can still meet or beat the competition from Apple, AMD, and Qualcomm. It's the first on Intel's 18A process, the one Intel …",https://www.theverge.com/report/797146/intel-panther-lake-core-series-3-architecture-platform-feature-reveal,https://platform.theverge.com/wp-content/uploads/sites/2/2025/10/intel-panther-lake.jpg?quality=90&strip=all&crop=0%2C9.6571756436922%2C100%2C80.685648712616&w=1200,2025-10-09T12:55:28Z,"<ul><li></li><li></li><li></li></ul>
What we know about the next Intel Core Ultra.
What we know about the next Intel Core Ultra.
by
Sean HollisterClose
Sean Hollister
Posts from this author wil… [+7111 chars]","Here is Panther Lake, Intel’s 2026 laptop chip with next-gen graphics Panther Lake is the most important chip Intel has made in years. It's the one that will tell the world if a smaller, more focused Intel can still meet or beat the competition from Apple, AMD, and Qualcomm. It's the first on Intel's 18A process, the one Intel …",neutral,0,0.8037656545639038
"{'id': None, 'name': 'Gizmodo.com'}",Ece Yildirim,Bank of England Warns of an AI Bubble Burst,"Valuations appear stretched especially for AI companies, the bank said.",https://gizmodo.com/bank-of-england-warns-of-an-ai-bubble-burst-2000669588,https://gizmodo.com/app/uploads/2025/10/shutterstock_2556450023-1200x675.jpg,2025-10-08T15:45:13Z,"The central bank of the United Kingdom is worried about an AI bubble burst.
“On a number of measures, equity market valuations appear stretched, particularly for technology companies focused on Arti… [+3990 chars]","Bank of England Warns of an AI Bubble Burst Valuations appear stretched especially for AI companies, the bank said.",negative,-1,0.9042693972587585
"{'id': 'business-insider', 'name': 'Business Insider'}",Thibault Spirlet,"Jensen Huang says he regrets not investing more in xAI: 'Almost everything Elon's part of, you want to be part of'","Nvidia CEO Jensen Huang said he wishes he'd backed Elon Musk's xAI with more money, calling the AI startup a bet on a ""really great future company.""",https://www.businessinsider.com/jensen-huang-regrets-not-investing-more-in-elon-musks-xai-2025-10,https://i.insider.com/68e662bccc993f9955cfc31f?width=1200&format=jpeg,2025-10-08T13:39:27Z,"Jensen Huang said his only regret about Elon Musk's xAI is not investing more, calling it a bet on the future of AI.ALLISON ROBBERT/AFP via Getty Images; Johannes Neudecker/picture alliance via Getty… [+2316 chars]","Jensen Huang says he regrets not investing more in xAI: 'Almost everything Elon's part of, you want to be part of' Nvidia CEO Jensen Huang said he wishes he'd backed Elon Musk's xAI with more money, calling the AI startup a bet on a ""really great future company.""",neutral,0,0.6834474205970764
"{'id': None, 'name': 'Biztoc.com'}",reuters.com,WTO downgrades global trade growth forecast to 0.5% for next year,,https://biztoc.com/x/8539db3765c8b49d,https://biztoc.com/cdn/8539db3765c8b49d_s.webp,2025-10-07T13:18:56Z,"{ window.open(this.href, '_blank'); }, 200); return false;""&gt;Why did Deloitte refund Australian government for AI errors? { window.open(this.href, '_blank'); }, 200); return false;""&gt;How are AI d… [+777 chars]",WTO downgrades global trade growth forecast to 0.5% for next year ,negative,-1,0.964832067489624
"{'id': 'business-insider', 'name': 'Business Insider'}",Dakin Campbell,"Amazon, Meta, Microsoft, and Google are gambling $320 billion on AI infrastructure. The payoff isn't there yet","Big Tech is set to spend $320 billion on capex, mainly for AI infrastructure like data centers. It's a construction boom unlike any in living memory.",https://www.businessinsider.com/big-tech-ai-capex-infrastructure-data-center-wars-2025-10,https://i.insider.com/68e3fd285dbc4fd10daa436f?width=1200&format=jpeg,2025-10-07T08:12:02Z,"When Sriram Krishnan, a senior White House policy advisor on artificial intelligence, appeared onstage at an event in Washington last month, he listed the Trump administration's priorities for advanc… [+12972 chars]","Amazon, Meta, Microsoft, and Google are gambling $320 billion on AI infrastructure. The payoff isn't there yet Big Tech is set to spend $320 billion on capex, mainly for AI infrastructure like data centers. It's a construction boom unlike any in living memory.",neutral,0,0.9008580446243286
"{'id': None, 'name': 'Yahoo Entertainment'}",AFP,OpenAI signs multi-billion dollar chip deal with AMD,OpenAI signed a multi-year partnership Monday with chipmaker Advanced Micro Devices as the ChatGPT-maker continues an investment spree to secure massive...,https://finance.yahoo.com/news/openai-signs-multi-billion-dollar-143713948.html,https://media.zenfs.com/en/afp.com/8e0c719b01c84c855ae5ae83fd3307de,2025-10-06T14:37:13Z,"OpenAI sits at the center of an AI investment bonanza (Yuichi YAMAZAKI)
OpenAI signed a multi-year partnership Monday with chipmaker Advanced Micro Devices as the ChatGPT-maker continues an investme… [+2429 chars]",OpenAI signs multi-billion dollar chip deal with AMD OpenAI signed a multi-year partnership Monday with chipmaker Advanced Micro Devices as the ChatGPT-maker continues an investment spree to secure massive...,positive,1,0.9426472187042236
"{'id': None, 'name': 'Gizmodo.com'}",Ece Yildirim,OpenAI Gobbles Up a Stake in AMD as Its Spending Spree Shows No Sign of Stopping,Sam Altman needs compute and will do whatever it takes to get it.,https://gizmodo.com/openai-gobbles-up-a-stake-in-amd-as-its-spending-spree-shows-no-sign-of-stopping-2000668016,https://gizmodo.com/app/uploads/2025/10/shutterstock_2673979929-1200x675.jpg,2025-10-06T13:55:36Z,"OpenAI just inked another multibillion-dollar deal.
The AI giant is buying 6 gigawatts and billions of dollars worth of Nvidia-rival chipmaker AMD’s latest generation chips to power its next-generat… [+2994 chars]",OpenAI Gobbles Up a Stake in AMD as Its Spending Spree Shows No Sign of Stopping Sam Altman needs compute and will do whatever it takes to get it.,neutral,0,0.6037521958351135
"{'id': None, 'name': 'Github.com'}",psalias2006,Real-time Nvidia GPU dashboard, Real-time NVIDIA GPU dashboard. Contribute to psalias2006/gpu-hot development by creating an account on GitHub.,https://github.com/psalias2006/gpu-hot,https://opengraph.githubassets.com/727ef90b057c245ebaaa8ffc484b2ff9dc19965eac6542374a20b2ccdaa55b29/psalias2006/gpu-hot,2025-10-06T13:04:53Z,"Self-contained dashboard for monitoring NVIDIA GPUs on remote servers. Access utilization and health metrics from a browser without SSH.
Runs in a single container on one port. No configuration requ… [+3473 chars]",Real-time Nvidia GPU dashboard  Real-time NVIDIA GPU dashboard. Contribute to psalias2006/gpu-hot development by creating an account on GitHub.,neutral,0,0.9176664352416992
"{'id': 'business-insider', 'name': 'Business Insider'}",rscammell@businessinsider.com (Robert Scammell),OpenAI just gave AMD a big boost in the AI chip wars,"The move provides a significant boost to AMD against Nvidia, which is the dominant player in the AI chip market.",https://www.businessinsider.com/openai-amd-chips-deal-nvidia-ai-2025-10,https://i.insider.com/68e3a4e65dbc4fd10daa3a88?width=1200&format=jpeg,2025-10-06T11:16:04Z,"AMD has agreed to a multi-billion-dollar partnership to supply its artificial intelligence chips to OpenAI.
The multi-year deal, announced Monday, will see OpenAI deploy 6 gigawatts of AMD GPUs, wit… [+810 chars]","OpenAI just gave AMD a big boost in the AI chip wars The move provides a significant boost to AMD against Nvidia, which is the dominant player in the AI chip market.",positive,1,0.9498538970947266
"{'id': None, 'name': 'BBC News'}",,How China is challenging Nvidia's AI chip dominance,Beijing has urged local firms to use homemade chips. But is China ready to turn away from Nvidia?,https://www.bbc.com/news/articles/cgmz2vm3yv8o,https://ichef.bbci.co.uk/news/1024/branded_news/9949/live/85746ea0-9cd6-11f0-8245-f3f629744491.jpg,2025-10-05T23:00:21Z,"Osmond ChiaBusiness reporter
Nvidia CEO Jensen Huang said China is ""nanoseconds behind"" the US in chips
The US has dominated the global technology market for decades. But China wants to change that… [+6985 chars]",How China is challenging Nvidia's AI chip dominance Beijing has urged local firms to use homemade chips. But is China ready to turn away from Nvidia?,neutral,0,0.7596905827522278
"{'id': 'business-insider', 'name': 'Business Insider'}",Katherine Li,"Meet Lisa Su: CEO and president of Advanced Micro Devices, the main competitor to Nvidia","Lisa Su is the CEO behind AMD's meteoric rise, with the ambition to lead the AI chips industry and become a formidable rival to Nvidia.",https://www.businessinsider.com/meet-lisa-su-ceo-and-president-of-advanced-micro-device,https://i.insider.com/68dc3e31cc993f9955cf3dfb?width=1200&format=jpeg,2025-10-05T10:16:01Z,"Lisa Su is widely credited for accomplishing one of the most dramatic turnarounds in the tech industry, bringing AMD from a struggling company to an industry leader with a market cap of more than $27… [+10605 chars]","Meet Lisa Su: CEO and president of Advanced Micro Devices, the main competitor to Nvidia Lisa Su is the CEO behind AMD's meteoric rise, with the ambition to lead the AI chips industry and become a formidable rival to Nvidia.",neutral,0,0.8197382688522339
